CLLK D, 
MNTN, BLLY, NRDG, BFS, PCGP, HRMN, NTKN, BLSK, BLSK G/WC, GTNG, 
FRNI, UDBT, RCKK, GOLT, FLHA, WBMN, SLVP, FVLM, WATT, GLWD, 
MSKG, PCMB, GRNW, FRBG, BHL, EXSW, KSKN, WRBR, EKPP, KEGR, 
CLMT, KEGS, BLLY G/WC, MNTN SHAL, NTKN G/WC, CDMN, PDDY G/WC, MNTN MID, CRSN, SFBR, 
MNTN G/WC, MNTN MRKB, PDDY, CDTT, FLHR, WLRC, MNTN BPOR, BLLY MRKA, FLHB, FLHC, 
FLHD, FLHE, LDBL, DBLT C, UDBT A, DBLT B, DBLT A, ELKN, SHND, SHND UPPR, 
BNFF, CLMR, NSKU, IRTN, SHND LWR, CLRD, UDBT B, DVRN, MLDD, MBRL, 
SHND ZMRK, BNFF MID, BNFF ZMRK, BNFF LWR, CCPD, BNFF UPPR, BNFF A, NKNS, PKCP, CLLK, 
HLFY, DOIG, BDRT, MSKK, CRDZ, CRDM, KSKP, DCRK, DNVG, DCRK C, 
DCRK SHAL, CLLK C, CLLK B, CLLK MRKA, COPU, DOIG LWR, DOIG ZMRK, NCYS, CLLK LWR, MNTN A, 
CLLK MRKB, BDLK BASE, COPU BASE, SPHN, LCLK B, LCLK A, CECS, BLDN LWR, LCLK C, GTNG CHNL, 
TLFL, DOIG CHNL, DOIG BPOR, LDUC G/WC, HLFY A, COPU LWR, TLFL A, KSKN CHNL, KSKN A, KSKN B, 
RCKK UPPR, DOIG A, GTNG LWR, GTNG MID, HLFY G/WC, FRNI MRKA, SPHN LWR, KSKN UNCF, KSKN MRKB, KSKN MRKA, 
KSKN C, MNTN O/WC, KSKN BSL, BLDN MID, TRSC, MNTN B, MNTN G/OC, FSMP, HLFY MRKA, MNTN MRKA, 
GTNG BSL, KSKN UPPR, KSKN MID, OCDZ, OCDZ BASE, HLFY PORS, KSKN G/WC, BLDN G/WC, GOLT MRKA, GTNG COAL, 
KSKN BASE, JNMR, GTNG G/WC, GTNG B, BLDN O/WC, DOIG BASE, GTNG SHAL, LDUC, OCDZ LWR, MNTN PORS, 
WRBR LWR, FLHR B, GTNG C, PKSK, GTNG A, HLFY CHNL, NPNS, LDUC MID, LDUC LWR, WRBR MID, 
BNFF CHNL, GRNW MRKA, SMGP, GRNW G/WC, DCRK BASE, NTKN LWR, CLLK E, DNVG MID, DNVG SHAL, DNVG LWR, 
DNVG MRKA, BLDN SDST, BLDN B, BCMB, BLDN, MSKW, BLDN PORS, DNVG UPPR, DOIG TPOR, DOIG G/WC, 
DTRL SHAL, DTRL, NRDG E, NRDG D, DBLT, BNFS, WBMN A, CNCG, ERLK, ELDN, 
STPN, CDRL, MTYT, SHND SHAL, RDBV, SPRV, KTCH, TTCH, TRRV, KKIS, 
RDKF, SLPP, BDBD, KLUA, DOIG SHAL, BLDN MRKA, BDLK, BDLK ZMRK, ARTX, INGS, 
GTNG MRKA, GTNG MRKB, DOIG MRKA, DNLV, 